
{
  "info": {
    "_postman_id": "12345-67890",
    "name": "Inventory Booking API",
    "schema": "https://schema.getpostman.com/json/collection/v2.1.0/collection.json"
  },
  "item": [
    {
      "name": "Book Item",
      "request": {
        "method": "POST",
        "header": [ { "key": "Content-Type", "value": "application/json" } ],
        "url": { "raw": "http://localhost:5000/book", "host": ["http://localhost:5000"], "path": ["book"] },
        "body": { "mode": "raw", "raw": "{ "memberId": 1, "inventoryId": 1 }" }
      }
    },
    {
      "name": "Cancel Booking",
      "request": {
        "method": "POST",
        "header": [ { "key": "Content-Type", "value": "application/json" } ],
        "url": { "raw": "http://localhost:5000/cancel", "host": ["http://localhost:5000"], "path": ["cancel"] },
        "body": { "mode": "raw", "raw": "{ "bookingRef": "ABC123" }" }
      }
    }
  ]
}
